{
	"info": {
		"_postman_id": "c55017ff-d634-44f6-9e50-4dc8327b8226",
		"name": "Movies-Flask",
		"schema": "https://schema.getpostman.com/json/collection/v2.1.0/collection.json",
		"_exporter_id": "13657845"
	},
	"item": [
		{
			"name": "Movies",
			"item": [
				{
					"name": "Listar todas las peliculas",
					"request": {
						"method": "GET",
						"header": [],
						"url": {
							"raw": "http://localhost:5000/api/movies",
							"protocol": "http",
							"host": [
								"localhost"
							],
							"port": "5000",
							"path": [
								"api",
								"movies"
							]
						}
					},
					"response": []
				},
				{
					"name": "Consultar una pelicula",
					"request": {
						"method": "GET",
						"header": [],
						"url": {
							"raw": "http://localhost:5000/api/movies/tt1630029",
							"protocol": "http",
							"host": [
								"localhost"
							],
							"port": "5000",
							"path": [
								"api",
								"movies",
								"tt1630029"
							]
						}
					},
					"response": []
				},
				{
					"name": "Crear pelicula",
					"request": {
						"method": "POST",
						"header": [
							{
								"key": "Content-Type",
								"value": "application/json",
								"type": "text"
							}
						],
						"body": {
							"mode": "raw",
							"raw": "{\r\n    \"code\": 1630025,\r\n    \"name\": \"Avatar: El Camino Del Agua\",\r\n    \"image_url1\": \"https://www.elcolombiano.com/binrepository/848x565/34c0/780d565/none/11101/TEDW/df-39217_39939992_20220509101740.jpg\",\r\n    \"year1\": 2022\r\n}"
						},
						"url": {
							"raw": "http://localhost:5000/api/movies",
							"protocol": "http",
							"host": [
								"localhost"
							],
							"port": "5000",
							"path": [
								"api",
								"movies"
							]
						}
					},
					"response": []
				}
			]
		},
		{
			"name": "Review",
			"item": [
				{
					"name": "Listar Reviews",
					"request": {
						"method": "GET",
						"header": [],
						"url": {
							"raw": "http://localhost:5000/api/reviews/movie/tt1630029",
							"protocol": "http",
							"host": [
								"localhost"
							],
							"port": "5000",
							"path": [
								"api",
								"reviews",
								"movie",
								"tt1630029"
							]
						}
					},
					"response": []
				},
				{
					"name": "Consultar Reviews",
					"request": {
						"method": "GET",
						"header": [],
						"url": {
							"raw": "http://localhost:5000/api/reviews/1",
							"protocol": "http",
							"host": [
								"localhost"
							],
							"port": "5000",
							"path": [
								"api",
								"reviews",
								"1"
							]
						}
					},
					"response": []
				},
				{
					"name": "Crear Review",
					"request": {
						"method": "POST",
						"header": [
							{
								"key": "Content-Type",
								"value": "application/json",
								"type": "text"
							}
						],
						"body": {
							"mode": "raw",
							"raw": "{\r\n    \"name\": \"Cesar Diaz\",\r\n    \"email\": \"cesar@email.com\",\r\n    \"description\": \"El trailer se ve muy bueno, espero verla pronto\",\r\n    \"rating\": 5,\r\n    \"code\": \"tt1630029\"\r\n}",
							"options": {
								"raw": {
									"language": "json"
								}
							}
						},
						"url": {
							"raw": "http://localhost:5000/api/reviews",
							"protocol": "http",
							"host": [
								"localhost"
							],
							"port": "5000",
							"path": [
								"api",
								"reviews"
							]
						}
					},
					"response": []
				},
				{
					"name": "Actualizar Review",
					"request": {
						"method": "PUT",
						"header": [
							{
								"key": "Content-Type",
								"value": "application/json",
								"type": "text"
							}
						],
						"body": {
							"mode": "raw",
							"raw": "{\r\n    \"name\": \"Cesar Diaz Arriaga\",\r\n    \"email\": \"cesar@email.com\",\r\n    \"description\": \"El trailer se ve muy bueno, espero verla pronto\",\r\n    \"rating\": 3,\r\n    \"code\": \"tt1630029\"\r\n}",
							"options": {
								"raw": {
									"language": "json"
								}
							}
						},
						"url": {
							"raw": "http://localhost:5000/api/reviews/1",
							"protocol": "http",
							"host": [
								"localhost"
							],
							"port": "5000",
							"path": [
								"api",
								"reviews",
								"1"
							]
						}
					},
					"response": []
				},
				{
					"name": "Eliminar Reviews",
					"request": {
						"method": "DELETE",
						"header": [],
						"url": {
							"raw": "http://localhost:5000/api/reviews/1",
							"protocol": "http",
							"host": [
								"localhost"
							],
							"port": "5000",
							"path": [
								"api",
								"reviews",
								"1"
							]
						}
					},
					"response": []
				}
			]
		}
	]
}